train_mae,train_rmse,train_r2,train_mape,test_mae,test_rmse,test_r2,test_mape,overfitting_mae,overfitting_rmse,overfitting_r2,feature_importance
144.4467645096731,355.9810970058433,0.998376190181026,5.104973691230026,603.9614666666666,2137.8900764991013,0.9645245092470279,14.23638124984655,-459.5147021569935,-1781.908979493258,-0.03385168093399804,"[{'Feature': 'Population', 'Coefficient': 0.9887843181554914, 'Abs_Coefficient': 0.9887843181554914}, {'Feature': 'monthly_average_CalFresh', 'Coefficient': 0.006280878727464207, 'Abs_Coefficient': 0.006280878727464207}, {'Feature': 'monthly_average_FoodBank', 'Coefficient': 0.004934803117044368, 'Abs_Coefficient': 0.004934803117044368}]"
